date,cpiTUITION,cpiALLITEMS,cpiENERGY,cpiHOUSING,cpiMEDICAL,cpiFOODBEV,cpiREC,cpiTRANSP,cpiEDUC,cpiAPPAREL
1/1/1984,104.8,102.1,100.2,101.4,104,101.9,.,102,.,101.5
2/1/1984,105.7,102.6,101.4,101.9,105,102.5,.,102.2,.,101.2
3/1/1984,107,102.9,101.4,102.1,105.2,102.8,.,102.9,.,101.3
4/1/1984,107.7,103.3,101.7,102.6,105.8,102.8,.,103.3,.,101.2
5/1/1984,108.4,103.5,101.6,103,106.2,102.6,.,103.7,.,101.4
6/1/1984,109.3,103.7,100.8,103.5,106.7,103,.,103.9,.,101.3
7/1/1984,110.2,104.1,100.5,104.1,107.2,103.2,.,103.7,.,101.9
8/1/1984,110.7,104.4,100.1,104.5,107.7,103.8,.,103.8,.,102.5
9/1/1984,112.3,104.7,100.6,105.1,108.1,103.7,.,104.1,.,102.7
10/1/1984,112.9,105.1,101.1,105.1,108.7,103.9,.,104.8,.,103
11/1/1984,113.7,105.3,100.8,105,109.3,104,.,104.9,.,103
12/1/1984,114.5,105.5,100.1,105.1,109.8,104.4,.,104.7,.,103.1
1/1/1985,115.3,105.7,100.3,105.3,110.2,104.5,.,105.1,.,103.2
2/1/1985,116.2,106.3,100.3,105.8,110.8,105,.,105.6,.,104.1
3/1/1985,116.9,106.8,101.3,106.1,111.4,105.4,.,106.3,.,104.5
4/1/1985,117.6,107,102.3,106.5,112,105.3,.,106.8,.,104.5
5/1/1985,118.4,107.2,102.2,107.3,112.6,105.1,.,106.5,.,104.4
6/1/1985,119.2,107.5,102.2,107.9,113.3,105.4,.,106.5,.,105.1
7/1/1985,120.2,107.7,102.2,108.3,113.9,105.4,.,106.6,.,105.2
8/1/1985,120.6,107.9,101.2,108.7,114.6,105.5,.,106.2,.,105.3
9/1/1985,121.9,108.1,101.2,108.9,115.2,105.7,.,106.2,.,105.5
10/1/1985,122.5,108.5,101.2,109.1,115.8,105.9,.,106.5,.,105.7
11/1/1985,123.5,109,101.8,109.3,116.5,106.5,.,107,.,106
12/1/1985,124.3,109.5,102.4,109.6,117.1,107.3,.,107.5,.,106.1
1/1/1986,125.1,109.9,102.6,109.9,118,107.5,.,108,.,106.1
2/1/1986,125.9,109.7,99.5,109.8,118.8,107.4,.,107,.,105.4
3/1/1986,126.7,109.1,92.6,109.9,119.7,107.6,.,103.6,.,105
4/1/1986,127.5,108.7,87.2,110.2,120.4,107.8,.,101,.,105
5/1/1986,128.3,109,87.2,110.4,121.2,108.2,.,101.4,.,104.9
6/1/1986,129,109.4,88.8,111.2,121.8,108.3,.,102.3,.,104.9
7/1/1986,129.7,109.5,85.6,111.3,122.5,109.1,.,101.1,.,105.5
8/1/1986,130.2,109.6,83.6,111.6,123.2,110,.,100.1,.,106.4
9/1/1986,132.4,110,84.4,112,124,110.1,.,100.6,.,106.9
10/1/1986,132.7,110.2,82.8,111.8,124.7,110.4,.,100.5,.,106.6
11/1/1986,133.4,110.4,82.1,111.4,125.5,111,.,100.8,.,106.9
12/1/1986,134.2,110.8,82.5,111.5,126.2,111.3,.,101.1,.,107.2
1/1/1987,135.4,111.4,85.4,112,126.7,111.9,.,102.6,.,108
2/1/1987,136.1,111.8,87.4,112.4,127.2,112.2,.,103.5,.,108.6
3/1/1987,137,112.2,87.6,112.8,127.8,112.4,.,103.8,.,109.2
4/1/1987,138,112.7,87.6,113.2,128.6,112.6,.,104.3,.,109.8
5/1/1987,138.9,113,87.1,113.6,129.2,113.2,.,104.4,.,110.3
6/1/1987,139.8,113.5,88.5,114.3,130,113.8,.,105.1,.,110.3
7/1/1987,140.7,113.8,89.2,114.7,130.6,113.7,.,105.9,.,110.3
8/1/1987,141.4,114.3,90.5,115.4,131.2,113.9,.,106.6,.,111
9/1/1987,141.4,114.7,90.3,115.6,131.9,114.4,.,106.9,.,111.6
10/1/1987,142.7,115,89.6,115.5,132.4,114.6,.,107,.,112.3
11/1/1987,143.6,115.4,90,115.5,133,114.7,.,107.3,.,113
12/1/1987,144.8,115.6,89.5,115.6,133.5,115.2,.,107.2,.,112.7
1/1/1988,145.5,116,88.8,116.2,134.4,115.6,.,107,.,113.2
2/1/1988,147,116.2,88.7,116.6,135.2,115.7,.,107,.,112.1
3/1/1988,147.8,116.5,88.4,117,135.8,115.9,.,107,.,113.4
4/1/1988,148.8,117.2,88.8,117.3,136.7,116.5,.,107.5,.,115.1
5/1/1988,149.7,117.5,88.5,117.7,137.6,116.9,.,107.9,.,115.1
6/1/1988,150.8,118,88.9,118.6,138.3,117.6,.,108.3,.,115.5
7/1/1988,151.5,118.5,89.4,119.1,139.1,118.8,.,108.8,.,115.9
8/1/1988,153.3,119,90.1,119.5,139.8,119.4,.,109.7,.,114.5
9/1/1988,153.2,119.5,89.8,119.9,140.5,120,.,109.9,.,116.3
10/1/1988,154,119.9,89.8,119.9,141.4,120.3,.,110,.,117.5
11/1/1988,155,120.3,89.8,119.9,142,120.5,.,110.2,.,117.7
12/1/1988,155.9,120.7,89.6,120.2,142.7,121,.,110.4,.,118.2
1/1/1989,157.1,121.2,90.3,120.7,143.8,121.5,.,110.9,.,118.4
2/1/1989,158.1,121.6,90.8,121.1,144.9,122.3,.,111.7,.,117.1
3/1/1989,159.2,122.2,91.8,121.5,145.8,123.1,.,112.4,.,118.1
4/1/1989,160.1,123.1,96.6,121.6,146.6,123.7,.,115,.,118.6
5/1/1989,161.1,123.7,97.4,122.1,147.5,124.6,.,115.8,.,118.9
6/1/1989,161.8,124.1,96.9,122.9,148.6,124.9,.,115.7,.,118.7
7/1/1989,162.9,124.5,96.7,123.9,149.6,125.4,.,115.4,.,118.3
8/1/1989,164.3,124.5,94.9,124.2,150.6,125.7,.,114.5,.,117.1
9/1/1989,165.4,124.8,93.8,124.3,151.8,126.1,.,113.9,.,118.7
10/1/1989,166.4,125.4,94.4,124.4,152.8,126.7,.,114.5,.,119.6
11/1/1989,167.4,125.9,93.9,124.5,154.1,127.2,.,114.4,.,120
12/1/1989,168.3,126.3,94.2,124.9,154.9,127.7,.,114.7,.,119.8
1/1/1990,169.5,127.5,98.9,125.9,156,129.4,.,117,.,119.9
2/1/1990,170.5,128,98.2,126.1,157.1,130.5,.,117.2,.,122
3/1/1990,171.5,128.6,97.6,126.8,158.3,130.7,.,117.3,.,123.8
4/1/1990,172.6,128.9,97.5,126.8,159.6,130.6,.,117.7,.,124.1
5/1/1990,174,129.1,96.7,127.1,160.8,130.9,.,117.5,.,124
6/1/1990,175,129.9,97.3,128.3,162,131.8,.,118,.,124.2
7/1/1990,176.5,130.5,97.1,129.2,163.4,132.5,.,118.5,.,124.2
8/1/1990,178.4,131.6,101.6,130.2,164.8,132.9,.,120.7,.,124.5
9/1/1990,178.4,132.5,106.5,130.5,165.9,133.3,.,123.2,.,125.4
10/1/1990,179.5,133.4,110.8,130.6,167.3,133.8,.,125.6,.,125.4
11/1/1990,180.6,133.7,111.2,130.4,168.7,134.2,.,126.1,.,125.4
12/1/1990,181.8,134.2,111,130.5,169.8,134.3,.,126.9,.,126.2
1/1/1991,183.5,134.7,108.5,131.8,171,135.2,.,125.5,.,126.9
2/1/1991,184.9,134.8,104.5,132.4,172.1,135.7,.,123.9,.,127.3
3/1/1991,186.2,134.8,101.9,132.6,173.2,135.9,.,122.7,.,127
4/1/1991,187.5,135.1,101.2,132.5,174.3,136.6,.,122.5,.,127.5
5/1/1991,188.7,135.6,102.1,132.8,175.2,137.1,.,123.2,.,128
6/1/1991,190,136,101.1,133.4,176.4,137.8,.,123.4,.,127.9
7/1/1991,191.4,136.2,100.7,134.2,177.4,137.2,.,123.3,.,128.7
8/1/1991,192.1,136.6,101.1,134.5,178.8,136.8,.,124,.,129.9
9/1/1991,196.5,137,101.5,134.7,179.9,137,.,124.1,.,130
10/1/1991,197.3,137.2,101.6,134.7,180.9,136.9,.,123.9,.,130.1
11/1/1991,198.4,137.8,102.4,134.7,181.9,137.4,.,124.5,.,131
12/1/1991,199.6,138.2,103.1,135,183.1,137.6,.,125.1,.,130.7
1/1/1992,200.7,138.3,101.5,135.7,184.3,137.3,.,124.6,.,130.9
2/1/1992,201.9,138.6,101.2,136.1,185.6,137.8,.,124.5,.,131
3/1/1992,203.5,139.1,101.2,136.6,186.8,138.3,.,125,.,131.3
4/1/1992,205,139.4,101.4,136.5,187.9,138.2,.,125.6,.,130.7
5/1/1992,206.3,139.7,102,136.7,188.7,138.1,.,125.9,.,131.6
6/1/1992,207.8,140.1,103.3,137.7,189.6,138.4,.,126.4,.,132.1
7/1/1992,208.8,140.5,103.7,138.3,190.6,138.3,.,126.9,.,132.7
8/1/1992,210,140.8,103.5,138.6,191.5,139.1,.,127,.,132.3
9/1/1992,212.1,141.1,103.6,138.4,192.4,139.7,.,127,.,132.2
10/1/1992,213.7,141.7,104.3,138.5,193.5,139.7,.,128.1,.,132.5
11/1/1992,215,142.1,105.1,138.5,194.5,139.6,.,128.7,.,132.7
12/1/1992,216.7,142.3,105.3,138.5,195.3,139.6,.,128.9,.,132.8
1/1/1993,218.3,142.8,105,139.3,196.4,140,89.7,129.2,84.1,132.8
2/1/1993,219.6,143.1,104.3,139.7,197.4,140.4,90,129.6,84.3,134
3/1/1993,220.9,143.3,104.9,140.2,198.1,140.4,90.4,129.4,84.6,134
4/1/1993,222.2,143.8,104.9,140.4,199.1,140.8,90.7,129.6,84.8,134
5/1/1993,223.4,144.2,104.3,140.5,200.5,141.7,90.3,129.9,85.2,133.5
6/1/1993,224.8,144.3,103.9,141.5,201.3,141.4,90.6,129.9,85.4,133
7/1/1993,226,144.5,103.4,141.9,202.2,141.4,90.6,130.1,85.6,132.8
8/1/1993,227,144.8,103.4,142.3,202.8,141.9,90.9,130.5,86,134
9/1/1993,228.5,145,103,142.3,203.6,142.1,91.3,130.4,86.3,133.7
10/1/1993,229.6,145.6,105.3,142.2,204.5,142.7,91.7,132,86.5,133.8
11/1/1993,231,146,104.4,142,205.1,143,91.9,132.2,86.8,134.4
12/1/1993,232.2,146.3,103.7,142.3,205.8,143.5,92,132.1,87.2,134.1
1/1/1994,233.4,146.3,102.8,142.9,206.4,143.6,92.3,131.7,87.3,133.3
2/1/1994,234.6,146.7,104.1,143.7,207.2,143.4,92.5,132.3,87.9,133.2
3/1/1994,235.8,147.1,104.3,144.1,207.9,143.4,92.7,132.6,88.1,133.8
4/1/1994,236.9,147.2,103.7,143.9,209,143.7,92.7,132.8,88.3,133.5
5/1/1994,238.3,147.5,102.8,144.1,209.7,144,92.8,132.4,88.6,134
6/1/1994,239.5,147.9,103.1,144.9,210.5,144.4,92.7,133.2,88.9,134.8
7/1/1994,240.5,148.4,104.5,145.4,211.3,145.2,92.8,134.4,89.1,134.2
8/1/1994,241.6,149,106.7,145.9,212.2,145.6,92.7,136,89.3,133.2
9/1/1994,242.6,149.3,106.1,145.8,213.1,145.8,92.9,136.1,89.4,133.6
10/1/1994,243.8,149.4,105.7,145.7,214.1,145.8,93,136.2,89.6,133
11/1/1994,245,149.8,106.1,145.5,215,146.2,93.4,136.7,89.8,132.5
12/1/1994,246.1,150.1,105.9,145.4,215.9,147.2,93.2,137.1,90.1,132.1
1/1/1995,247.3,150.5,105.7,146.4,216.6,147.2,93.7,137.4,91.1,132.2
2/1/1995,249.1,150.9,105.8,147,217.4,147.7,93.9,137.9,91.2,131.9
3/1/1995,250.1,151.2,105.5,147.4,218.1,147.5,94,138.4,91.3,132.2
4/1/1995,251,151.8,105.6,147.4,218.6,148.5,94.4,139.2,91.6,131.9
5/1/1995,252,152.1,105.8,147.6,219.2,148.7,94.6,139.7,91.7,131.6
6/1/1995,253,152.4,106.7,148.5,219.9,148.8,94.3,140.6,92.1,131.3
7/1/1995,254.2,152.6,105.8,149.2,220.6,149,94.4,139.9,92.3,131.4
8/1/1995,255.6,152.9,105.6,149.6,221.6,149.1,94.7,139.4,92.5,132.5
9/1/1995,256.8,153.1,104.1,149.5,222.4,149.6,95.1,139.1,92.9,132.3
10/1/1995,257.8,153.5,104.4,149.7,223,150,95.3,139.5,93.1,132.4
11/1/1995,259,153.7,103.4,149.4,223.7,150,95.7,139.1,93.3,132
12/1/1995,260.1,153.9,104.4,149.7,224.3,150.3,95.8,139.1,93.7,132.2
1/1/1996,261.2,154.7,106.9,150.6,225.2,150.8,96.2,140.4,93.9,132.7
2/1/1996,262.4,155,107.1,151.2,225.7,151.2,96.9,140.9,94.2,132.2
3/1/1996,263.4,155.5,108.3,151.7,226.2,151.9,97,141.5,94.6,132.6
4/1/1996,264.8,156.1,111.2,151.8,226.8,152.5,97.2,142.9,94.3,131.8
5/1/1996,265.7,156.4,112,152,227.4,152.4,97.3,143.5,95,131.8
6/1/1996,266.7,156.7,110.3,152.7,228,153.3,97.4,143.4,95.3,131.6
7/1/1996,267.8,157,110.1,153.6,228.6,153.8,97.6,143,95.6,131.3
8/1/1996,268.7,157.2,109.7,154,229.1,154.3,97.7,143,95.8,130.6
9/1/1996,269.6,157.7,109.8,153.9,229.7,155,98,143.6,96.1,131.3
10/1/1996,270.7,158.2,110.5,154,230.3,155.9,98.2,143.9,96.4,131.3
11/1/1996,271.8,158.7,111.8,153.9,231,156.4,98.6,144.6,96.6,131.6
12/1/1996,272.9,159.1,113.9,154,231.2,156.6,98.7,145.7,96.9,131.9
1/1/1997,274.1,159.4,115.2,155.1,231.8,156.3,98.9,145.6,97.2,132.3
2/1/1997,275.1,159.7,115,155.8,232.2,156.9,99.3,145.2,97.4,133
3/1/1997,276.1,159.8,113,155.9,233,157,99.5,145,97.7,132.4
4/1/1997,277.1,159.9,111,155.8,233.5,157,99.4,144.3,97.9,133
5/1/1997,278.5,159.9,108.8,155.9,234.1,157.1,99.5,143.3,98.2,133.3
6/1/1997,279.6,160.2,110,156.9,234.4,157.4,99.9,143.6,98.5,133.1
7/1/1997,280.7,160.4,109.1,157.5,234.7,157.7,99.9,143.3,98.7,133.3
8/1/1997,282.1,160.8,110.9,157.6,235.1,158.2,100.1,144.1,98.7,132.7
9/1/1997,283.5,161.2,112.4,157.7,235.5,158.4,100.1,144.8,99,132.9
10/1/1997,284.7,161.5,111.8,157.7,236.1,158.7,100.2,144.7,99.3,132.7
11/1/1997,285.8,161.7,111.4,157.7,236.9,159,100.2,143.9,99.5,132.7
12/1/1997,287.1,161.8,109.8,157.7,237.8,159.2,100.2,143.7,99.8,133
1/1/1998,288.3,162,107.5,158.3,238.1,159.9,100.4,143,99.8,133.1
2/1/1998,289.1,162,105.1,158.8,238.8,159.9,100.6,142.4,99.7,133
3/1/1998,290.4,162,103.3,159.2,239.4,160.1,100.9,141.5,100,132.7
4/1/1998,291.8,162.2,102.4,159.5,240.3,160.2,100.9,140.9,100.2,132.3
5/1/1998,293.2,162.6,103.2,159.7,241.2,160.7,100.9,141.2,100.5,132.7
6/1/1998,293.9,162.8,103.6,160.6,241.8,160.6,101.1,141.4,100.6,133.3
7/1/1998,294.9,163.2,103.3,161.2,242.5,161,101,141.7,100.6,133.5
8/1/1998,295.9,163.4,102.1,161.5,243.3,161.4,101.2,141.6,100.1,135.1
9/1/1998,296.8,163.5,101.3,161.5,244.1,161.5,101.5,141.2,100.3,133.1
10/1/1998,297.7,163.9,101.5,161.4,244.8,162.4,101.3,141.4,100.4,132.7
11/1/1998,298.8,164.1,101.1,161.3,245.3,162.7,101.4,141.3,100.6,132.7
12/1/1998,300.2,164.4,100.1,161.3,245.9,162.8,101.4,140.9,100.5,132
1/1/1999,301.5,164.7,99.7,161.8,246.5,163.4,101.7,140.8,100.5,131.5
2/1/1999,303.1,164.7,99.2,162.3,247.3,163.8,101.7,140,100.8,130.8
3/1/1999,304.4,164.8,100.4,162.8,247.9,163.7,101.7,140.7,100.8,130.4
4/1/1999,305.6,165.9,105.5,163,248.7,163.9,101.8,143.6,101,131.7
5/1/1999,306.8,166,104.9,163,249.3,164.2,102,143.4,100.9,131.7
6/1/1999,307.9,166,104.5,164.1,250,164.1,102.1,143,101,131.7
7/1/1999,309.3,166.7,106.7,164.7,250.9,164.4,102.1,144.6,101.1,131.5
8/1/1999,309.9,167.1,109.5,165,251.7,164.7,102.1,145.9,101.3,130.9
9/1/1999,311.1,167.8,111.8,165.2,252.5,165.1,101.8,147,101.5,131.2
10/1/1999,312.3,168.1,112,165,253.1,165.5,101.9,147.6,101.6,131.4
11/1/1999,313.6,168.4,111.5,164.9,253.9,165.8,102,147.5,101.8,131
12/1/1999,314.8,168.8,113.8,164.8,254.9,166,102.3,148.8,101.9,131.3
1/1/2000,316.3,169.3,115,166,255.6,166.1,102.3,149.1,102.6,130.7
2/1/2000,317.8,170,118.8,167.1,256.5,166.7,102.4,150,102.2,130.4
3/1/2000,319.3,171,124.3,167.8,257.7,167.1,102.7,153.6,102.1,130.3
4/1/2000,320.8,170.9,120.9,167.9,258.4,167.2,102.6,152.1,102.2,129.8
5/1/2000,322.2,171.2,120,168.1,259.2,167.8,103,152,102.3,129.7
6/1/2000,324.6,172.2,126.8,169.6,260.3,168,103.4,155,102.1,129.3
7/1/2000,325.8,172.7,127.3,170.6,261.2,168.8,103.6,154.6,102.7,128.9
8/1/2000,325.3,172.7,123.8,170.9,262.4,169.3,103.8,153.2,102.8,128.9
9/1/2000,326.3,173.6,129.2,171.4,263.3,169.4,103.9,155.2,102.2,129.5
10/1/2000,328.2,173.9,129.6,171.7,264.1,169.6,103.9,154.7,103,129.2
11/1/2000,329.5,174.2,129.2,171.6,264.7,169.7,103.9,155,102.8,129.2
12/1/2000,331,174.6,130.1,171.9,265.6,170.5,104,155.1,103.4,129.1
1/1/2001,332.2,175.6,135,174.1,267.2,170.9,104.1,155.4,103.8,129.4
2/1/2001,333.5,176,134.1,174.7,268.3,171.7,104.2,155.2,103.9,129.6
3/1/2001,335.1,176.1,131.7,175.4,269.4,172.2,104.2,154.2,104.4,129.5
4/1/2001,336.7,176.4,132.3,175.4,270.4,172.6,104.8,154.8,104.5,128.2
5/1/2001,338.5,177.3,138.4,175.9,271.3,172.9,104.8,157.6,104.6,127.4
6/1/2001,340.1,177.7,136.9,177.3,272.4,173.5,104.7,157.3,105,127.4
7/1/2001,341.6,177.4,129.6,177.6,272.8,174.1,104.9,154,105.5,127.3
8/1/2001,343.5,177.4,127.3,178,274.3,174.5,105.1,153.4,105.8,126.4
9/1/2001,345,178.1,130.9,177.4,275.2,174.7,105.3,156,105.8,125.8
10/1/2001,347,177.6,122.9,176.7,276.3,175.3,105.4,152.9,106.4,125.8
11/1/2001,348.7,177.5,116.9,176.9,277.4,175.4,105.7,150.2,106.5,125.4
12/1/2001,350.4,177.4,113.9,176.9,278.2,175.2,105.6,149.2,106.7,124.9
1/1/2002,351.9,177.7,114.2,177.6,279.8,175.8,105.7,149.3,107,124.4
2/1/2002,353.7,178,113.5,178.5,280.4,176.2,105.9,148.7,107.2,124.6
3/1/2002,355.5,178.5,117.6,179.1,281.4,176.6,106,150.5,106.8,125.3
4/1/2002,357.1,179.3,121.5,179.5,282.7,176.9,106.3,152.5,106.6,125.1
5/1/2002,358.9,179.5,121.9,179.7,283.9,176.4,106.2,152.8,107.2,124.6
6/1/2002,361.2,179.6,121.6,180.7,284.6,176.5,106.1,152.8,107.5,123.9
7/1/2002,363.1,180,122.4,181.2,286.4,176.7,106.1,153.3,108.2,123.5
8/1/2002,365,180.5,123.1,181.7,287.2,176.7,106.3,154,108.9,124.3
9/1/2002,367.1,180.8,123.7,181.5,288.1,177,106.3,154.2,108.7,123.4
10/1/2002,368.7,181.2,126.9,181.4,289.8,177,106.5,155.5,108.8,123
11/1/2002,370.4,181.5,126.7,181.2,291.2,177.5,106.5,155.4,108.8,123.1
12/1/2002,372,181.8,127.1,181.1,292.1,177.7,106.8,155.3,109,122.7
1/1/2003,374.2,182.6,133.5,182.3,292.7,177.7,106.9,158,109.5,122.1
2/1/2003,376.2,183.6,140.8,183.2,293,178.7,107.1,160.8,109.7,121.8
3/1/2003,378.2,183.9,143.9,184.3,293.4,179,107.2,160.8,109.6,120.7
4/1/2003,380.5,183.2,136.5,184.1,294,179.1,107.1,157.7,109.4,120.3
5/1/2003,382.5,182.9,129.4,184.5,295.2,179.4,107.4,154.4,109.3,120
6/1/2003,384.3,183.1,129.8,185.3,296.1,180.3,107.5,154.6,109.1,120.6
7/1/2003,386.4,183.7,132.2,185.9,297.4,180.4,107.7,155.7,109.6,121.1
8/1/2003,391.2,184.5,137.8,186.1,298.3,181.1,107.7,158.2,110,120.8
9/1/2003,393.7,185.1,142.9,185.8,299.8,181.5,107.8,159.9,110.1,120.9
10/1/2003,395.4,184.9,137.8,185.7,300.4,182.2,107.7,157.5,110.2,121.1
11/1/2003,397.1,185,136.9,185.1,301.4,183.1,107.9,156.9,110.3,120.8
12/1/2003,399.5,185.5,138.8,185.1,303,184,108,157.4,110.7,120.2
1/1/2004,402.1,186.3,143.9,186.3,303.8,183.9,108,159.8,110.9,120.1
2/1/2004,404.2,186.7,145.8,187,305.2,184.3,108.4,160.7,111.2,120.1
3/1/2004,406.6,187.1,145.1,187.9,306.5,184.7,108.6,160.8,111.3,120.4
4/1/2004,408.7,187.4,143.4,188.4,307.8,185.1,108.7,159.8,111.3,120.6
5/1/2004,410.7,188.2,147.6,188.9,308.6,186.5,108.6,161.6,111.2,120.9
6/1/2004,413.2,188.9,151.5,190.3,309.8,186.9,108.9,162.8,111.5,121.2
7/1/2004,415,189.1,151.1,190.9,310.8,187.3,108.7,162.3,111.6,121
8/1/2004,417.3,189.2,151.5,191.2,311.8,187.5,108.6,162.1,111.6,120.3
9/1/2004,420.3,189.8,152.9,191,312.9,187.4,108.7,163.4,112,120
10/1/2004,422.1,190.8,158.6,191,314,188.3,108.8,166.7,111.8,120.3
11/1/2004,424.3,191.7,163.8,190.8,314.7,188.9,108.8,169.1,112.1,120.6
12/1/2004,426.5,191.7,162.3,190.7,315.8,188.9,108.8,168.5,112.3,119.8
1/1/2005,428.3,191.6,157.2,191.8,316.9,189.1,109.1,166.5,112.5,120.3
2/1/2005,430.7,192.4,161.8,192.7,318.4,189.2,109,168.4,112.8,120
3/1/2005,433,193.1,163.5,194.1,319.7,189.6,108.9,169.2,113,120.5
4/1/2005,435.4,193.7,166.7,194.4,320.7,190.8,109,170.3,113.4,119.9
5/1/2005,438.1,193.6,163.3,194.5,321.8,191,109.3,168.7,113.4,119.9
6/1/2005,440.4,193.7,163.7,195.5,322.8,191,109,169.1,113.5,119.4
7/1/2005,442.5,194.9,172.8,196.6,324.1,191.4,109.1,172.8,113.7,119
8/1/2005,443.6,196.1,183.5,196.9,324.2,191.5,109.3,177.3,113.5,119.5
9/1/2005,446.6,198.8,208.2,197,325.3,191.9,109.7,187.7,114.4,119.1
10/1/2005,448.3,199.1,205.9,198.4,326.9,192.4,110,184.5,114.3,119
11/1/2005,450.4,198.1,191,198.5,328.7,193,109.9,176.8,114.8,119.2
12/1/2005,452.7,198.1,187.6,198.3,329.2,193.3,110,176,115,118.6
1/1/2006,456,199.3,196.6,200,329.6,194.1,110.1,179,115.5,118.9
2/1/2006,457.4,199.4,194.1,200.5,331.2,194.2,110.2,178.5,115.6,117.8
3/1/2006,459.5,199.7,192,201.3,332.6,194.4,110.5,178.1,115.8,119.1
4/1/2006,461.8,200.7,198.5,201.7,333.8,194.3,110.9,181.8,116.2,119.6
5/1/2006,464.1,201.3,199.8,202.2,335,194.7,111,182.7,116.3,119.9
6/1/2006,466.5,201.8,199.8,203.7,336,195.3,111.1,183,116.7,120.1
7/1/2006,469.1,202.9,207.9,204.7,336.9,195.7,111.3,186.9,117.1,119
8/1/2006,471.7,203.8,211.9,205.1,338.1,196.2,111.2,188.4,117.3,119.8
9/1/2006,473.9,202.8,198.1,205,339.1,196.8,111.1,181.5,117.5,120.2
10/1/2006,476.3,201.9,184.1,204.4,340,197.4,111.2,175.9,117.7,119.8
11/1/2006,478.7,202,184.1,204.5,340.8,197.4,111.3,174.9,117.6,119.4
12/1/2006,481.3,203.1,192.7,204.8,341.2,197.5,111.1,178.3,117.7,119.8
1/1/2007,482.403,203.437,190.281,206.057,343.579,198.813,111.208,177.09,117.631,119.86
2/1/2007,484.7,204.226,192.31,207.177,345.35,200.126,111.206,177.727,117.967,120.237
3/1/2007,486.972,205.288,200.206,208.08,345.899,200.853,111.157,181.041,118.47,119.797
4/1/2007,488.803,205.904,203.307,208.541,347.32,201.392,111.315,182.489,118.742,119.331
5/1/2007,490.81,206.755,208.635,208.902,348.491,202.157,111.531,184.669,119.407,119.166
6/1/2007,492.45,207.234,209.799,210.649,349.513,202.977,111.45,184.902,119.513,118.576
7/1/2007,494.657,207.603,209.639,211.286,351.719,203.64,111.279,185.396,119.777,118.449
8/1/2007,496.311,207.667,206.412,211.098,353.376,204.418,111.056,184.328,120.107,117.901
9/1/2007,498.288,208.547,210.742,210.865,354.531,205.347,111.365,186.324,120.384,118.023
10/1/2007,501.635,209.19,212.386,210.701,356.343,205.988,111.802,186.922,120.773,118.435
11/1/2007,504.532,210.834,223.814,210.745,357.75,206.789,111.977,192.289,120.867,118.737
12/1/2007,507.107,211.445,225.649,210.933,358.908,207.141,111.962,193.205,121.238,119.35
1/1/2008,509.988,212.174,226.775,212.244,360.463,208.392,112.315,194.135,121.592,119.438
2/1/2008,511.661,212.687,229.731,213.026,360.75,209.183,112.405,194.934,121.769,118.904
3/1/2008,513.602,213.448,233.349,214.389,361.533,209.595,112.628,195.872,122.059,118.399
4/1/2008,516.121,213.942,234.778,214.89,362.072,211.368,112.675,195.179,122.467,118.729
5/1/2008,518.116,215.208,243.924,215.809,362.658,212.204,112.842,198.535,122.922,118.716
6/1/2008,520.48,217.463,262.081,217.941,363.671,213.452,112.867,206.313,123.573,118.501
7/1/2008,522.496,219.016,271.149,219.61,364.156,215.449,113.194,209.349,124.132,119.006
8/1/2008,525.053,218.69,262.566,219.148,364.977,216.53,113.72,205.848,124.427,119.736
9/1/2008,528.244,218.877,260.125,218.184,365.841,217.749,113.991,205.856,124.671,119.618
10/1/2008,530.65,216.995,238.065,217.383,366.53,218.632,114.225,195.608,124.952,118.799
11/1/2008,533.086,213.153,195.155,216.467,367.459,219.079,114.238,175.507,125.287,118.867
12/1/2008,535.488,211.398,176.583,216.073,368.748,219.151,113.945,166.673,125.691,118.119
1/1/2009,537.453,211.933,178.661,216.928,369.824,219.323,114.078,168.403,125.995,117.967
2/1/2009,539.535,212.705,183.721,217.18,370.853,219.058,114.488,171.424,126.229,119.888
3/1/2009,541.493,212.495,178.415,217.374,371.705,218.682,114.503,169.449,126.433,120.368
4/1/2009,543.376,212.709,177.552,217.126,373.077,218.372,114.064,170.09,126.659,120.182
5/1/2009,545.957,213.022,179.83,216.971,374.359,218.053,114.106,172.235,127.03,120.038
6/1/2009,547.876,214.79,197.033,218.071,375.177,218.092,114.485,180.667,127.256,120.276
7/1/2009,549.841,214.726,195.778,218.085,376.001,217.725,114.527,180.915,127.574,119.984
8/1/2009,552.538,215.445,201.583,217.827,377.091,217.738,114.669,183.729,127.819,120.236
9/1/2009,554.747,215.861,202.777,217.178,378.359,217.664,114.572,185.329,128.204,120.779
10/1/2009,556.617,216.509,204.719,216.612,379.291,217.881,114.218,187.793,128.431,120.5
11/1/2009,558.225,217.234,210.932,215.808,380.45,218.055,114.03,191.243,128.429,120.007
12/1/2009,560.087,217.347,209.915,215.523,381.111,218.341,113.545,191.517,128.686,120.441
1/1/2010,561.896,217.488,212.807,215.925,382.742,218.855,113.569,193.116,128.956,119.91
2/1/2010,564.378,217.281,209.624,215.841,384.308,218.898,113.337,191.978,129.136,120.184
3/1/2010,567.221,217.353,209.326,216.023,385.712,219.321,113.195,191.375,129.439,120.225
4/1/2010,569.787,217.403,209.219,215.798,386.589,219.531,113.54,191.249,129.686,119.646
5/1/2010,571.298,217.29,206.631,215.981,387.094,219.651,113.475,190.231,129.776,119.648
6/1/2010,573.555,217.199,203.764,216.778,388.188,219.627,113.638,189.426,129.939,119.623
7/1/2010,574.851,217.605,206.877,217.076,388.123,219.643,113.577,191.082,130.112,119.322
8/1/2010,576.643,217.923,208.77,216.976,389.059,219.879,113.468,192.287,130.289,118.96
9/1/2010,577.502,218.275,209.832,216.602,391.288,220.598,113.082,193.316,130.408,119.21
10/1/2010,578.158,219.035,216.71,216.1,391.926,220.911,113.088,196.845,130.376,118.917
11/1/2010,580.502,219.59,219.496,215.83,392.535,221.315,113.111,198.783,130.548,119.027
12/1/2010,582.695,220.472,227.13,216.142,393.514,221.556,112.724,202.454,130.42,119.223
1/1/2011,585.441,221.187,229.258,216.739,394.072,222.735,112.894,204.232,130.584,119.82
2/1/2011,587.554,221.898,232.068,217.259,395.518,223.734,113.164,205.704,130.702,119.904
3/1/2011,589.292,223.046,240.079,217.707,396.29,225.337,113.1,209.591,130.805,119.739
4/1/2011,591.052,224.093,247.977,217.901,397.701,226.18,113.12,213.032,130.918,120.037
5/1/2011,593.194,224.806,250.744,218.484,398.721,227.045,113.435,214.499,131.063,121.146
6/1/2011,595.097,224.806,245.534,219.553,399.416,227.603,113.481,212.957,131.207,121.71
7/1/2011,596.933,225.395,246.187,220.23,400.539,228.473,113.353,213.661,131.308,122.547
8/1/2011,601.611,226.106,246.88,220.506,401.387,229.577,113.546,214.651,131.748,123.551
9/1/2011,603.166,226.597,248.55,220.54,402.202,230.561,113.449,215.455,131.925,123.244
10/1/2011,605.847,226.75,246.655,220.138,404.068,230.776,113.387,214.682,132.243,123.775
11/1/2011,607.772,227.169,247.64,219.969,405.751,230.976,113.505,215.149,132.446,124.762
12/1/2011,609.736,227.223,243.353,220.193,407.23,231.392,113.896,213.784,132.645,124.865
1/1/2012,611.414,227.842,244.876,220.805,408.394,232.131,114.486,215.385,133.062,125.399
2/1/2012,612.732,228.329,248.898,221.117,408.89,232.103,114.301,217.686,133.185,125.075
3/1/2012,614.307,228.807,249.742,221.487,410.257,232.502,114.519,218.457,133.289,125.85
4/1/2012,615.817,229.187,249.677,221.682,411.475,232.934,114.404,218.615,133.469,126.432
5/1/2012,617.789,228.713,241.806,221.971,412.864,233.127,114.389,215.029,133.849,126.663
6/1/2012,619.049,228.524,235.897,223.051,415.289,233.624,114.784,212.225,133.957,126.248
7/1/2012,621.882,228.59,233.568,223.316,417.004,233.752,114.665,211.791,133.954,125.935
8/1/2012,623.296,229.918,244.987,223.699,417.555,234.108,114.828,217.573,133.811,125.333
9/1/2012,625.946,231.015,252.987,223.901,418.453,234.286,115.014,221.574,134.06,126.386
10/1/2012,628.143,231.638,256.017,223.708,419.07,234.694,114.955,222.913,134.319,127.291
11/1/2012,629.833,231.249,248.819,223.814,419.509,235.1,115.159,218.833,134.489,127.191
12/1/2012,631.853,231.221,244.708,224.032,420.321,235.521,114.974,217.524,134.693,127.289
1/1/2013,634.935,231.679,245.025,224.79,421.114,235.86,115.076,218.092,135.177,128.076
2/1/2013,636.563,232.937,255.696,225.382,421.601,235.903,115.277,223.274,135.501,128.134
3/1/2013,638.068,232.282,246.595,225.643,423.089,236.13,115.194,218.985,135.67,126.97
4/1/2013,639.683,231.797,240.473,225.986,423.025,236.574,115.063,214.905,135.411,126.905
5/1/2013,641.058,231.893,240.468,226.896,422.316,236.387,115.271,214.01,135.563,126.916
6/1/2013,642.074,232.445,242.711,228.068,424.286,236.912,115.121,215.38,135.575,126.995
7/1/2013,644.16,232.9,242.986,228.374,425.008,237.133,115.116,216.562,135.745,127.645
8/1/2013,646.535,233.456,244.833,228.564,427.168,237.407,115.268,217.901,135.946,127.412
9/1/2013,647.333,233.544,242.745,228.808,428.29,237.464,115.305,216.898,136.203,127.281
10/1/2013,649.092,233.669,241.954,228.362,428.586,237.693,115.418,216.682,136.418,126.988
11/1/2013,651.362,234.1,242.718,228.449,428.485,237.895,115.736,217.17,136.578,127.333
12/1/2013,653.524,234.719,245.733,228.892,428.622,238.133,115.389,218.715,136.844,128.577
1/1/2014,654.259,235.288,250.34,230.256,429.989,238.417,115.525,219.287,136.997,127.882
2/1/2014,656.944,235.547,249.925,230.905,431.137,239.247,115.537,218.525,137.034,127.279
3/1/2014,658.904,236.028,249.961,231.968,432.211,240.24,115.506,217.491,137.161,127.439
4/1/2014,660.584,236.468,249.864,231.689,433.26,240.995,115.708,218.989,137.381,127.475
5/1/2014,662.441,236.918,249.213,232.744,434.262,242.107,115.721,218.306,137.529,127.773
6/1/2014,664.26,237.231,249.714,233.894,435.187,242.345,115.731,218.653,137.661,127.982
7/1/2014,665.773,237.498,248.744,234.475,435.864,242.883,115.593,218.126,137.893,127.942
8/1/2014,667.762,237.46,245.699,234.571,436.041,243.505,115.27,217.071,138.069,127.357
9/1/2014,668.789,237.477,241.61,234.675,437.091,244.148,115.415,215.41,138.038,127.813
10/1/2014,670.744,237.43,237.061,234.434,437.758,244.5,115.664,213.73,137.606,127.761
11/1/2014,672.722,236.983,229.016,234.315,439.408,245.106,115.443,210.033,137.437,127.254
12/1/2014,674.253,236.252,218.536,234.658,441.464,245.84,115.426,204.124,137.364,126.637
1/1/2015,677.508,234.747,199.926,235.485,441.351,245.764,115.532,194.852,137.608,126.129
2/1/2015,678.628,235.342,203.021,236.016,441.101,246.056,115.467,197.087,137.538,125.96
3/1/2015,681.693,235.976,205.757,236.435,442.943,245.685,115.551,199.119,137.644,126.626
4/1/2015,684.516,236.222,203.577,236.777,445.822,245.615,115.665,198.636,137.82,126.39
5/1/2015,686.271,237.001,208.973,237.175,446.743,245.886,115.931,202.277,137.692,125.831
6/1/2015,688.241,237.657,212.015,238.568,446.33,246.511,116.114,203.86,137.789,125.51
7/1/2015,690.594,238.034,211.623,239.085,446.953,246.733,116.129,204.166,138.002,125.689
8/1/2015,691.881,238.033,208.579,239.298,446.612,247.295,116.066,202.609,138.237,126.166
9/1/2015,694.559,237.498,197.246,239.651,447.648,247.984,116.165,197.162,138.681,126.011
10/1/2015,695.652,237.733,195.616,239.395,450.681,248.288,116.393,196.445,138.926,125.323
11/1/2015,697.44,238.017,195.114,239.325,452.225,248.075,116.15,196.644,139.235,125.724
12/1/2015,698.556,237.761,190.143,239.514,452.732,247.761,116.163,194.728,139.268,126.042
1/1/2016,699.997,237.652,185.235,240.424,454.194,247.967,116.237,192.648,139.445,124.999
2/1/2016,701.688,237.336,176.401,241.015,456.922,248.244,116.48,188.784,139.213,125.898
3/1/2016,703.289,238.08,182.234,241.485,457.723,247.699,116.743,191.583,139.392,125.843
4/1/2016,704.842,238.992,186.713,241.79,459.245,247.906,117.211,194.491,139.452,125.782
5/1/2016,706.506,239.557,188.596,242.811,460.487,247.575,117.275,195.474,139.255,126.707
6/1/2016,707.572,240.222,192.899,244.28,462.09,247.42,117.398,197.236,139.197,126.276
7/1/2016,708.778,240.101,189.046,244.936,464.439,247.406,117.295,194.654,139.16,125.881
8/1/2016,709.79,240.545,188.772,245.472,469.02,247.479,117.192,194.205,139.28,126.148
9/1/2016,710.985,241.176,192.243,246.127,469.816,247.528,117.093,195.762,138.817,125.914
10/1/2016,713.127,241.741,195.979,246.264,469.749,247.596,116.919,197.151,138.63,126.521
11/1/2016,714.182,242.026,196.372,246.271,469.914,247.525,116.981,197.331,138.813,126.605
12/1/2016,716.684,242.637,199.513,246.795,470.539,247.53,116.955,199.146,138.944,126.185
1/1/2017,717.78,243.618,205.369,247.942,471.484,247.9,117.512,202.082,139.017,126.044
2/1/2017,719.018,244.006,204.133,248.693,473.139,248.513,118.182,201.566,138.776,126.058
3/1/2017,719.999,243.892,202.528,248.978,473.685,249.02,118.234,201.165,136.392,126.397
4/1/2017,721.21,244.193,202.954,249.514,473.007,249.381,118.386,200.904,136.017,126.301
5/1/2017,722.332,244.004,198.449,250.376,472.981,249.711,118.391,198.623,135.886,125.651
6/1/2017,724.362,244.163,197.808,251.629,474.492,249.519,118.404,198.062,135.826,125.508
7/1/2017,724.95,244.243,195.994,251.87,476.279,249.937,118.847,196.903,135.692,125.368
8/1/2017,725.462,245.183,201.45,252.615,477.199,250.21,118.929,199.59,135.614,125.39
9/1/2017,727.762,246.435,212.723,252.984,477.19,250.587,118.947,204.503,135.777,125.759
10/1/2017,729.474,246.626,208.328,253.125,477.671,250.816,118.85,203.282,136.113,125.961
11/1/2017,731.197,247.284,213.047,253.177,477.791,250.996,118.621,205.698,136.449,125.024
12/1/2017,732.399,247.805,213.574,253.845,478.891,251.49,118.669,206.332,136.532,124.234
1/1/2018,733.16,248.743,216.872,254.857,480.81,251.999,118.795,208.477,136.607,124.873
2/1/2018,734.03,249.439,220.381,255.713,481.556,252.029,118.874,210.061,136.309,126.026
3/1/2018,733.829,249.581,216.925,256.388,483.055,252.198,118.971,208.673,136.187,126.731
4/1/2018,734.92,250.146,218.268,256.969,483.512,252.802,118.785,209.112,136.177,127.526
5/1/2018,736.222,250.779,220.632,257.907,484.46,252.776,118.729,210.407,136.565,127.645
6/1/2018,738.317,251.118,221.473,258.71,486.165,253.078,119.108,211.166,136.832,126.395
7/1/2018,740.396,251.323,219.758,259.268,485.236,253.444,119.297,210.93,137.054,125.603
8/1/2018,745.513,251.749,222.435,259.884,484.268,253.76,119,212.187,137.246,123.484
9/1/2018,746.867,252.239,223.444,259.941,485.461,254.084,119.186,212.906,137.478,125.057
10/1/2018,748.815,252.862,226.462,260.268,485.772,253.924,118.979,214.28,137.408,125.764
11/1/2018,750.801,252.657,219.267,260.473,487.587,254.606,119.308,211.431,136.727,124.934
12/1/2018,752.301,252.551,212.633,261.36,488.555,255.475,119.96,207.827,136.847,124.134
1/1/2019,754.103,252.47,205.54,262.284,489.949,256.146,120.389,205.232,137.031,124.547
2/1/2019,755.973,253.135,208.699,263.057,490.006,256.978,120.094,206.619,137.146,124.592
3/1/2019,759.014,254.273,216.376,263.886,491.324,257.435,120.478,209.889,137.241,123.959
4/1/2019,760.227,255.163,221.758,264.452,492.855,257.161,120.693,212.579,137.424,124.035
5/1/2019,761.805,255.325,219.68,265.137,494.658,257.701,120.187,211.749,137.496,123.977
6/1/2019,762.647,255.361,214.666,266.461,495.692,257.766,120.171,209.911,137.631,124.879
7/1/2019,763.481,255.9,215.85,267.101,497.582,257.928,120.168,210.465,137.873,124.852
8/1/2019,764.662,256.179,213.169,267.263,500.784,258.098,120.462,209.956,138.062,124.554
9/1/2019,765.608,256.596,213.122,267.822,502.304,258.59,120.346,209.896,138.022,124.644
10/1/2019,767.4,257.305,216.62,267.794,506.64,259.025,121.048,211.116,138.166,123.188
11/1/2019,768.691,257.788,217.435,267.925,508.357,259.485,121.503,211.05,138.676,123.223
12/1/2019,769.596,258.263,219.786,268.236,510.862,259.845,121.746,211.815,138.721,122.525
1/1/2020,772.21,258.682,217.803,269.468,511.901,260.671,122.062,210.817,139.117,122.555
2/1/2020,774.135,259.007,214.119,270.281,512.728,261.492,121.898,210.123,139.234,123.111
3/1/2020,776.462,258.165,203.912,270.273,514.554,262.323,122.087,204.779,139.357,121.989
4/1/2020,777.734,256.094,182.889,270.184,516.578,265.882,121.852,192.547,139.613,117.174
5/1/2020,778.414,255.944,179.542,270.823,518.957,267.693,122.723,189.142,139.614,114.389
6/1/2020,779.084,257.217,188.437,271.831,520.87,268.95,122.037,193.31,139.525,115.9
7/1/2020,780.873,258.543,192.556,272.445,522.467,267.977,121.346,198.331,141.051,116.823
8/1/2020,778.971,259.58,194.285,272.866,522.99,268.289,122.055,201.406,141.225,117.124
9/1/2020,777.21,260.19,196.875,273.116,523.521,268.428,122.161,203.467,140.993,117.111
10/1/2020,777.966,260.352,196.435,273.014,521.27,268.904,122.605,203.751,141.128,116.595
11/1/2020,779.129,260.721,196.359,273.29,520.704,268.999,123.133,203.782,141.307,116.885
12/1/2020,780.699,261.564,203.649,273.684,519.978,269.82,122.89,206.222,141.449,117.413
1/1/2021,781.544,262.2,209.328,274.336,521.888,270.347,122.227,207.839,141.544,119.099
2/1/2021,782.622,263.346,218.944,275.137,523.03,270.705,122.89,211.476,141.659,118.535
3/1/2021,782.449,265.028,231.127,276.028,523.686,271.16,123.418,217.108,141.443,118.968
4/1/2021,783.879,266.727,228.374,277.258,524.142,272.101,124.478,221.151,141.975,119.647
5/1/2021,786.047,268.599,229.874,278.648,523.659,273.338,124.719,226.625,142.264,120.918
6/1/2021,787.685,270.955,234.625,280.366,523.126,275.251,124.911,234.659,142.433,121.58
7/1/2021,789.392,272.184,238.447,281.604,523.951,276.992,125.609,236.191,142.637,121.647
8/1/2021,790.016,273.092,242.958,282.391,524.845,278.062,126.202,236.783,142.92,121.956
9/1/2021,792.963,274.214,245.847,283.744,525.861,280.413,126.384,237.107,143.433,121.105
10/1/2021,794.549,276.59,255.01,285.31,528.134,282.661,127.306,241.826,143.631,121.85
11/1/2021,796.255,278.524,261.257,286.308,529.754,284.676,127.061,246.749,143.66,122.76
12/1/2021,797.171,280.126,263.553,287.511,531.268,286.018,126.913,250.105,143.748,124.117
1/1/2022,798.268,281.933,265.929,289.889,534.798,288.436,128.036,251.21,143.903,125.433
2/1/2022,799.831,284.182,275.17,291.504,535.732,291.325,128.972,256.028,143.919,126.342
3/1/2022,801.811,287.708,305.469,293.577,538.665,294.119,129.282,266.004,143.68,127.044
4/1/2022,803.67,288.663,297.233,295.259,541.057,296.585,129.83,264.995,143.439,126.087
5/1/2022,805.421,291.474,308.839,297.868,543.22,299.941,130.304,270.297,143.363,126.927
6/1/2022,808.807,295.328,332.087,300.927,546.861,302.805,130.687,280.691,143.601,127.929
7/1/2022,809.981,295.271,316.955,302.327,549.282,306.023,131.107,274.821,143.356,127.818
8/1/2022,814.056,295.62,301.045,304.506,553.006,308.369,131.384,268.586,143.515,128.091
9/1/2022,817.145,296.761,294.705,306.521,557.426,310.635,131.513,267.043,143.64,127.722
10/1/2022,818.129,298.062,300.013,307.816,554.641,312.533,132.495,268.938,143.664,126.847
